Stage1_Customer_ID,Stage1_Customer_Segment,Stage1_Region,Stage1_Avg_Order_Value,Stage2_Total_Orders,Stage2_Last_Purchase_Days_Ago,Stage2_Preferred_Category,Stage2_Past_Spend_Total,Stage3_Product_ID,Stage3_Product_Name,Stage3_Product_Category,Stage3_Category_Affinity_Score,Stage4_Discount_Sensitivity,Stage4_Estimated_Redemption_Rate,Stage4_Proposed_Discount_Pct,Stage5_Regional_Demand_Index,Stage5_Projected_Promo_Demand_Units,Stage6_Store_Stock_Qty,Stage6_Days_Of_Supply,Stage6_Stockout_Risk_Flag,Stage7_Base_Price,Stage7_Post_Discount_Price,Stage7_Margin_Pct_After_Discount,Stage7_Projected_Margin_Dollars,Stage7_Margin_Risk_Flag,Stage8_Promotion_Fit_Score,Stage8_Risk_Level,Stage8_Risk_Badge,Stage8_AI_Why_Rationale
CUST_PL_1001,"Bargain Hunters","South Region",69,6,6,"Home Goods",414,"prod_running_shoes_apex","Apex Trail Running Shoes","Footwear",35%,92%,31.6%,15%,1.45,379,450,42,FALSE,150,127.5,38.8%,18761,FALSE,62,"TIGHT_STOCK","🟡 Tight Stock","🟢 Zero Operational Risk: Supply Chain & Margin Confirmed: Confirmed robust inventory position (450 units, 42 days of supply) to comfortably support the 379-unit demand surge. Post-discount margin of 38.8% comfortably exceeds our company 15% floor. Proceed with campaign launch and automated cross-channel promotion."
CUST_PL_1002,"High-Value VIP Loyalists","East Region",242,8,42,"Beauty & Care",1936,"prod_hiking_boots","All-Terrain Waterproof Hiking Boots","Footwear",35%,25%,21.8%,20%,1.45,98,450,42,FALSE,185,148,40%,5802,FALSE,62,"HEALTHY","🟢 Healthy Stock","Recommended for High-Value VIP Loyalists in East Region: Driven by high category affinity (+25%) for Footwear, a regional demand index of 1.45x in East Region, and historical redemption conversion (+37%). Projected to generate +₹14,504 in incremental revenue while preserving ₹5,802 in margin dollars (40.0% post-discount margin)."
CUST_PL_1003,"Tech & Trendsetters","West Region",198,9,21,"Home Goods",1782,"prod_casual_sneakers","Classic Organic Canvas Sneakers","Footwear",35%,38%,26.3%,25%,1.45,204,35,6,TRUE,85,63.75,26.7%,3468,FALSE,45,"STOCKOUT_RISK","🔴 Stockout Risk","🔴 Operational Risk: Inventory Stockout & Supply Chain Fulfillment Shortfall: Available store inventory (35 units) is lower than projected promotional demand (204 units). Running this promotion at 20% discount risks 100% stock depletion and fulfillment failure. Reorder lead time is 5 days. Operational Action Required: Reduce discount depth by 5-10% to curb excess demand, or reallocate 150+ units from adjacent regional warehouse prior to launch."
CUST_PL_1004,"Seasonal Home Organizers","Central Region",114,11,18,"Beauty & Care",1254,"prod_winter_parka","UltraWarm Waterproof Winter Parka","Apparel",35%,65%,33.4%,30%,1.45,401,450,42,FALSE,280,196,35.7%,28070,FALSE,62,"TIGHT_STOCK","🟡 Tight Stock","🟢 Zero Operational Risk: Supply Chain & Margin Confirmed: Confirmed robust inventory position (450 units, 42 days of supply) to comfortably support the 401-unit demand surge. Post-discount margin of 35.7% comfortably exceeds our company 15% floor. Proceed with campaign launch and automated cross-channel promotion."
CUST_PL_1005,"Urban Fitness Enthusiasts","North Region",140,12,28,"Apparel",1680,"prod_leather_jacket","Premium Italian Napa Leather Jacket","Apparel",92%,45%,33.6%,15%,1.45,378,450,42,FALSE,340,289,52.9%,57834,FALSE,77,"TIGHT_STOCK","🟡 Tight Stock","🟢 Zero Operational Risk: Supply Chain & Margin Confirmed: Confirmed robust inventory position (450 units, 42 days of supply) to comfortably support the 378-unit demand surge. Post-discount margin of 52.9% comfortably exceeds our company 15% floor. Proceed with campaign launch and automated cross-channel promotion."
CUST_PL_1006,"Bargain Hunters","South Region",74,14,6,"Apparel",1036,"prod_yoga_activewear_set","Luxe Breathable Yoga Activewear Set","Apparel",92%,92%,46.6%,25%,1.45,559,35,6,TRUE,95,71.25,44%,17525,FALSE,71,"STOCKOUT_RISK","🔴 Stockout Risk","🔴 Operational Risk: Inventory Stockout & Supply Chain Fulfillment Shortfall: Available store inventory (35 units) is lower than projected promotional demand (559 units). Running this promotion at 20% discount risks 100% stock depletion and fulfillment failure. Reorder lead time is 5 days. Operational Action Required: Reduce discount depth by 5-10% to curb excess demand, or reallocate 150+ units from adjacent regional warehouse prior to launch."
CUST_PL_1007,"High-Value VIP Loyalists","East Region",247,15,42,"Apparel",3705,"prod_office_chair","Ergonomic Mesh Executive Chair","Home Goods",35%,25%,19.5%,15%,1.45,88,450,42,FALSE,210,178.5,31.8%,4990,FALSE,59,"HEALTHY","🟢 Healthy Stock","Recommended for High-Value VIP Loyalists in East Region: Driven by high category affinity (+25%) for Home Goods, a regional demand index of 1.45x in East Region, and historical redemption conversion (+31%). Projected to generate +₹15,708 in incremental revenue while preserving ₹4,990 in margin dollars (31.8% post-discount margin)."
CUST_PL_1008,"Tech & Trendsetters","West Region",203,17,21,"Electronics",3451,"prod_espresso_maker","Compact Artisan Espresso Machine","Home Goods",92%,38%,39.1%,30%,1.45,303,450,42,FALSE,260,182,25.7%,14180,FALSE,75,"HEALTHY","🟢 Healthy Stock","Recommended for Tech & Trendsetters in West Region: Driven by high category affinity (+95%) for Home Goods, a regional demand index of 1.45x in West Region, and historical redemption conversion (+55%). Projected to generate +₹55,146 in incremental revenue while preserving ₹14,180 in margin dollars (25.7% post-discount margin)."
CUST_PL_1009,"Seasonal Home Organizers","Central Region",119,18,18,"Home Goods",2142,"prod_dutch_oven","Enameled Cast Iron Dutch Oven Set","Home Goods",92%,65%,41.7%,25%,1.45,500,35,6,TRUE,140,105,33.3%,17500,FALSE,66,"STOCKOUT_RISK","🔴 Stockout Risk","🔴 Operational Risk: Inventory Stockout & Supply Chain Fulfillment Shortfall: Available store inventory (35 units) is lower than projected promotional demand (500 units). Running this promotion at 20% discount risks 100% stock depletion and fulfillment failure. Reorder lead time is 5 days. Operational Action Required: Reduce discount depth by 5-10% to curb excess demand, or reallocate 150+ units from adjacent regional warehouse prior to launch."
CUST_PL_1010,"Urban Fitness Enthusiasts","North Region",145,20,28,"Electronics",2900,"prod_robot_vacuum","Smart Navigation Robot Vacuum Cleaner","Home Goods",35%,45%,25.4%,20%,1.45,286,450,42,FALSE,310,248,35%,24825,FALSE,63,"HEALTHY","🟢 Healthy Stock","Recommended for Urban Fitness Enthusiasts in North Region: Driven by high category affinity (+25%) for Home Goods, a regional demand index of 1.45x in North Region, and historical redemption conversion (+47%). Projected to generate +₹70,928 in incremental revenue while preserving ₹24,825 in margin dollars (35.0% post-discount margin)."
CUST_PL_1011,"Bargain Hunters","South Region",79,21,6,"Beauty & Care",1659,"prod_skincare_bundle","Hydrating Botanical Skincare Trio Bundle","Beauty & Care",92%,92%,42.1%,15%,1.45,505,450,42,TRUE,78,66.3,50.6%,16938,FALSE,76,"STOCKOUT_RISK","🔴 Stockout Risk","🔴 Operational Risk: Inventory Stockout & Supply Chain Fulfillment Shortfall: Available store inventory (450 units) is lower than projected promotional demand (505 units). Running this promotion at 20% discount risks 100% stock depletion and fulfillment failure. Reorder lead time is 5 days. Operational Action Required: Reduce discount depth by 5-10% to curb excess demand, or reallocate 150+ units from adjacent regional warehouse prior to launch."
CUST_PL_1012,"High-Value VIP Loyalists","East Region",252,23,42,"Outdoor Gear",5796,"prod_hair_dryer_styler","Ionic Hair Dryer & Multi-Styler Wand","Beauty & Care",92%,25%,36.7%,30%,1.45,165,35,6,TRUE,160,112,28.6%,5280,FALSE,62,"STOCKOUT_RISK","🔴 Stockout Risk","🔴 Operational Risk: Inventory Stockout & Supply Chain Fulfillment Shortfall: Available store inventory (35 units) is lower than projected promotional demand (165 units). Running this promotion at 20% discount risks 100% stock depletion and fulfillment failure. Reorder lead time is 5 days. Operational Action Required: Reduce discount depth by 5-10% to curb excess demand, or reallocate 150+ units from adjacent regional warehouse prior to launch."
CUST_PL_1013,"Tech & Trendsetters","West Region",208,24,21,"Home Goods",4992,"prod_camping_tent","All-Weather 4-Person Camping Tent","Outdoor Gear",35%,38%,21.8%,15%,1.45,169,450,42,FALSE,320,272,41.2%,18928,FALSE,62,"HEALTHY","🟢 Healthy Stock","Recommended for Tech & Trendsetters in West Region: Driven by high category affinity (+25%) for Outdoor Gear, a regional demand index of 1.45x in West Region, and historical redemption conversion (+37%). Projected to generate +₹45,968 in incremental revenue while preserving ₹18,928 in margin dollars (41.2% post-discount margin)."
CUST_PL_1014,"Seasonal Home Organizers","Central Region",124,26,18,"Outdoor Gear",3224,"prod_hydration_flask","Insulated Stainless Steel Hydration Flask","Outdoor Gear",92%,65%,39.5%,20%,1.45,474,450,42,TRUE,42,33.6,52.5%,8361,FALSE,74,"STOCKOUT_RISK","🔴 Stockout Risk","🔴 Operational Risk: Inventory Stockout & Supply Chain Fulfillment Shortfall: Available store inventory (450 units) is lower than projected promotional demand (474 units). Running this promotion at 20% discount risks 100% stock depletion and fulfillment failure. Reorder lead time is 5 days. Operational Action Required: Reduce discount depth by 5-10% to curb excess demand, or reallocate 150+ units from adjacent regional warehouse prior to launch."
CUST_PL_1015,"Urban Fitness Enthusiasts","North Region",135,27,28,"Outdoor Gear",3645,"prod_smartwatch_pro","Pro Performance Smartwatch","Electronics",92%,45%,38.1%,25%,1.45,429,35,6,TRUE,240,180,36%,27799,FALSE,65,"STOCKOUT_RISK","🔴 Stockout Risk","🔴 Operational Risk: Inventory Stockout & Supply Chain Fulfillment Shortfall: Available store inventory (35 units) is lower than projected promotional demand (429 units). Running this promotion at 20% discount risks 100% stock depletion and fulfillment failure. Reorder lead time is 5 days. Operational Action Required: Reduce discount depth by 5-10% to curb excess demand, or reallocate 150+ units from adjacent regional warehouse prior to launch."
CUST_PL_1016,"Bargain Hunters","South Region",69,29,6,"Home Goods",2001,"prod_earbuds_wireless","Noise-Cancelling Wireless Earbuds","Electronics",35%,92%,38.3%,30%,1.45,460,450,42,TRUE,180,126,-17.1%,-9936,TRUE,52,"MARGIN_RISK","🔴 Stockout Risk","🟠 Operational Risk: Post-Discount Margin Floor Breach: Proposed discount depth reduces post-promo margin to -17.1%, dropping below our mandatory 15% company margin floor threshold. Risk of profit cannibalization. Operational Action Required: Cap maximum discount depth at 15% or require explicit sign-off from Category Lead Sravanthi."
CUST_PL_1017,"High-Value VIP Loyalists","East Region",242,30,42,"Beauty & Care",7260,"prod_coffee_roast","Organic Dark Roast Gourmet Coffee","Home Goods",35%,25%,19.5%,15%,1.45,88,450,42,FALSE,150,127.5,21.5%,2416,FALSE,57,"HEALTHY","🟢 Healthy Stock","Recommended for High-Value VIP Loyalists in East Region: Driven by high category affinity (+25%) for Home Goods, a regional demand index of 1.45x in East Region, and historical redemption conversion (+31%). Projected to generate +₹11,220 in incremental revenue while preserving ₹2,416 in margin dollars (21.5% post-discount margin)."
CUST_PL_1018,"Tech & Trendsetters","West Region",198,32,21,"Electronics",6336,"prod_running_shoes_apex","Apex Trail Running Shoes","Footwear",35%,38%,26.3%,25%,1.45,204,35,6,TRUE,150,112.5,30.7%,7038,FALSE,45,"STOCKOUT_RISK","🔴 Stockout Risk","🔴 Operational Risk: Inventory Stockout & Supply Chain Fulfillment Shortfall: Available store inventory (35 units) is lower than projected promotional demand (204 units). Running this promotion at 20% discount risks 100% stock depletion and fulfillment failure. Reorder lead time is 5 days. Operational Action Required: Reduce discount depth by 5-10% to curb excess demand, or reallocate 150+ units from adjacent regional warehouse prior to launch."
CUST_PL_1019,"Seasonal Home Organizers","Central Region",114,33,18,"Beauty & Care",3762,"prod_hiking_boots","All-Terrain Waterproof Hiking Boots","Footwear",35%,65%,26.7%,15%,1.45,320,450,42,FALSE,185,157.25,43.5%,21904,FALSE,60,"HEALTHY","🟢 Healthy Stock","Recommended for Seasonal Home Organizers in Central Region: Driven by high category affinity (+25%) for Footwear, a regional demand index of 1.45x in Central Region, and historical redemption conversion (+51%). Projected to generate +₹50,320 in incremental revenue while preserving ₹21,904 in margin dollars (43.5% post-discount margin)."
CUST_PL_1020,"Urban Fitness Enthusiasts","North Region",140,35,28,"Footwear",4900,"prod_casual_sneakers","Classic Organic Canvas Sneakers","Footwear",92%,45%,40.4%,30%,1.45,455,450,42,TRUE,85,59.5,21.4%,5801,FALSE,69,"STOCKOUT_RISK","🔴 Stockout Risk","🔴 Operational Risk: Inventory Stockout & Supply Chain Fulfillment Shortfall: Available store inventory (450 units) is lower than projected promotional demand (455 units). Running this promotion at 20% discount risks 100% stock depletion and fulfillment failure. Reorder lead time is 5 days. Operational Action Required: Reduce discount depth by 5-10% to curb excess demand, or reallocate 150+ units from adjacent regional warehouse prior to launch."
CUST_PL_1021,"Bargain Hunters","South Region",74,36,6,"Apparel",2664,"prod_winter_parka","UltraWarm Waterproof Winter Parka","Apparel",92%,92%,46.6%,25%,1.45,559,35,6,TRUE,280,210,40%,46956,FALSE,70,"STOCKOUT_RISK","🔴 Stockout Risk","🔴 Operational Risk: Inventory Stockout & Supply Chain Fulfillment Shortfall: Available store inventory (35 units) is lower than projected promotional demand (559 units). Running this promotion at 20% discount risks 100% stock depletion and fulfillment failure. Reorder lead time is 5 days. Operational Action Required: Reduce discount depth by 5-10% to curb excess demand, or reallocate 150+ units from adjacent regional warehouse prior to launch."
CUST_PL_1022,"High-Value VIP Loyalists","East Region",247,38,42,"Apparel",9386,"prod_leather_jacket","Premium Italian Napa Leather Jacket","Apparel",92%,25%,32.2%,20%,1.45,145,450,42,FALSE,340,272,50%,19720,FALSE,81,"HEALTHY","🟢 Healthy Stock","Recommended for High-Value VIP Loyalists in East Region: Driven by high category affinity (+95%) for Apparel, a regional demand index of 1.45x in East Region, and historical redemption conversion (+37%). Projected to generate +₹39,440 in incremental revenue while preserving ₹19,720 in margin dollars (50.0% post-discount margin)."
CUST_PL_1023,"Tech & Trendsetters","West Region",203,39,21,"Home Goods",7917,"prod_yoga_activewear_set","Luxe Breathable Yoga Activewear Set","Apparel",35%,38%,21.8%,15%,1.45,169,450,42,FALSE,95,80.75,50.6%,6904,FALSE,64,"HEALTHY","🟢 Healthy Stock","Recommended for Tech & Trendsetters in West Region: Driven by high category affinity (+25%) for Apparel, a regional demand index of 1.45x in West Region, and historical redemption conversion (+37%). Projected to generate +₹13,647 in incremental revenue while preserving ₹6,904 in margin dollars (50.6% post-discount margin)."
CUST_PL_1024,"Seasonal Home Organizers","Central Region",119,41,18,"Home Goods",4879,"prod_office_chair","Ergonomic Mesh Executive Chair","Home Goods",92%,65%,43.9%,30%,1.45,527,35,6,TRUE,210,147,17.1%,13280,FALSE,64,"STOCKOUT_RISK","🔴 Stockout Risk","🔴 Operational Risk: Inventory Stockout & Supply Chain Fulfillment Shortfall: Available store inventory (35 units) is lower than projected promotional demand (527 units). Running this promotion at 20% discount risks 100% stock depletion and fulfillment failure. Reorder lead time is 5 days. Operational Action Required: Reduce discount depth by 5-10% to curb excess demand, or reallocate 150+ units from adjacent regional warehouse prior to launch."
CUST_PL_1025,"Urban Fitness Enthusiasts","North Region",145,42,28,"Apparel",6090,"prod_espresso_maker","Compact Artisan Espresso Machine","Home Goods",35%,45%,23.1%,15%,1.45,260,450,42,FALSE,260,221,38.8%,22308,FALSE,62,"HEALTHY","🟢 Healthy Stock","Recommended for Urban Fitness Enthusiasts in North Region: Driven by high category affinity (+25%) for Home Goods, a regional demand index of 1.45x in North Region, and historical redemption conversion (+41%). Projected to generate +₹57,460 in incremental revenue while preserving ₹22,308 in margin dollars (38.8% post-discount margin)."
CUST_PL_1026,"Bargain Hunters","South Region",79,44,6,"Beauty & Care",3476,"prod_dutch_oven","Enameled Cast Iron Dutch Oven Set","Home Goods",92%,92%,44.3%,20%,1.45,532,450,42,TRUE,140,112,37.5%,22344,FALSE,74,"STOCKOUT_RISK","🔴 Stockout Risk","🔴 Operational Risk: Inventory Stockout & Supply Chain Fulfillment Shortfall: Available store inventory (450 units) is lower than projected promotional demand (532 units). Running this promotion at 20% discount risks 100% stock depletion and fulfillment failure. Reorder lead time is 5 days. Operational Action Required: Reduce discount depth by 5-10% to curb excess demand, or reallocate 150+ units from adjacent regional warehouse prior to launch."
CUST_PL_1027,"High-Value VIP Loyalists","East Region",252,5,42,"Outdoor Gear",1260,"prod_robot_vacuum","Smart Navigation Robot Vacuum Cleaner","Home Goods",35%,25%,24%,25%,1.45,108,35,6,TRUE,310,232.5,30.7%,7700,FALSE,44,"STOCKOUT_RISK","🔴 Stockout Risk","🔴 Operational Risk: Inventory Stockout & Supply Chain Fulfillment Shortfall: Available store inventory (35 units) is lower than projected promotional demand (108 units). Running this promotion at 20% discount risks 100% stock depletion and fulfillment failure. Reorder lead time is 5 days. Operational Action Required: Reduce discount depth by 5-10% to curb excess demand, or reallocate 150+ units from adjacent regional warehouse prior to launch."
CUST_PL_1028,"Tech & Trendsetters","West Region",208,7,21,"Electronics",1456,"prod_skincare_bundle","Hydrating Botanical Skincare Trio Bundle","Beauty & Care",35%,38%,28.6%,30%,1.45,222,450,42,FALSE,78,54.6,40%,4848,FALSE,65,"HEALTHY","🟢 Healthy Stock","Recommended for Tech & Trendsetters in West Region: Driven by high category affinity (+25%) for Beauty & Care, a regional demand index of 1.45x in West Region, and historical redemption conversion (+55%). Projected to generate +₹12,121 in incremental revenue while preserving ₹4,848 in margin dollars (40.0% post-discount margin)."
CUST_PL_1029,"Seasonal Home Organizers","Central Region",124,8,18,"Outdoor Gear",992,"prod_hair_dryer_styler","Ionic Hair Dryer & Multi-Styler Wand","Beauty & Care",92%,65%,37.2%,15%,1.45,446,450,42,FALSE,160,136,41.2%,24976,FALSE,77,"TIGHT_STOCK","🟡 Tight Stock","🟢 Zero Operational Risk: Supply Chain & Margin Confirmed: Confirmed robust inventory position (450 units, 42 days of supply) to comfortably support the 446-unit demand surge. Post-discount margin of 41.2% comfortably exceeds our company 15% floor. Proceed with campaign launch and automated cross-channel promotion."
CUST_PL_1030,"Urban Fitness Enthusiasts","North Region",135,10,28,"Electronics",1350,"prod_camping_tent","All-Weather 4-Person Camping Tent","Outdoor Gear",92%,45%,38.1%,25%,1.45,429,35,6,TRUE,320,240,33.3%,34320,FALSE,64,"STOCKOUT_RISK","🔴 Stockout Risk","🔴 Operational Risk: Inventory Stockout & Supply Chain Fulfillment Shortfall: Available store inventory (35 units) is lower than projected promotional demand (429 units). Running this promotion at 20% discount risks 100% stock depletion and fulfillment failure. Reorder lead time is 5 days. Operational Action Required: Reduce discount depth by 5-10% to curb excess demand, or reallocate 150+ units from adjacent regional warehouse prior to launch."
CUST_PL_1031,"Bargain Hunters","South Region",69,11,6,"Home Goods",759,"prod_hydration_flask","Insulated Stainless Steel Hydration Flask","Outdoor Gear",35%,92%,31.6%,15%,1.45,379,450,42,FALSE,42,35.7,55.3%,7481,FALSE,64,"TIGHT_STOCK","🟡 Tight Stock","🟢 Zero Operational Risk: Supply Chain & Margin Confirmed: Confirmed robust inventory position (450 units, 42 days of supply) to comfortably support the 379-unit demand surge. Post-discount margin of 55.3% comfortably exceeds our company 15% floor. Proceed with campaign launch and automated cross-channel promotion."
CUST_PL_1032,"High-Value VIP Loyalists","East Region",242,13,42,"Beauty & Care",3146,"prod_smartwatch_pro","Pro Performance Smartwatch","Electronics",35%,25%,26.3%,30%,1.45,118,450,42,FALSE,240,168,31.4%,6230,FALSE,62,"HEALTHY","🟢 Healthy Stock","Recommended for High-Value VIP Loyalists in East Region: Driven by high category affinity (+25%) for Electronics, a regional demand index of 1.45x in East Region, and historical redemption conversion (+49%). Projected to generate +₹19,824 in incremental revenue while preserving ₹6,230 in margin dollars (31.4% post-discount margin)."
CUST_PL_1033,"Tech & Trendsetters","West Region",198,14,21,"Home Goods",2772,"prod_earbuds_wireless","Noise-Cancelling Wireless Earbuds","Electronics",92%,38%,36.8%,25%,1.45,285,35,6,TRUE,180,135,-9.3%,-3591,TRUE,57,"MARGIN_RISK","🔴 Stockout Risk","🟠 Operational Risk: Post-Discount Margin Floor Breach: Proposed discount depth reduces post-promo margin to -9.3%, dropping below our mandatory 15% company margin floor threshold. Risk of profit cannibalization. Operational Action Required: Cap maximum discount depth at 15% or require explicit sign-off from Category Lead Sravanthi."
CUST_PL_1034,"Seasonal Home Organizers","Central Region",114,16,18,"Beauty & Care",1824,"prod_coffee_roast","Organic Dark Roast Gourmet Coffee","Home Goods",92%,65%,39.5%,20%,1.45,474,450,42,TRUE,150,120,16.6%,9456,FALSE,68,"STOCKOUT_RISK","🔴 Stockout Risk","🔴 Operational Risk: Inventory Stockout & Supply Chain Fulfillment Shortfall: Available store inventory (450 units) is lower than projected promotional demand (474 units). Running this promotion at 20% discount risks 100% stock depletion and fulfillment failure. Reorder lead time is 5 days. Operational Action Required: Reduce discount depth by 5-10% to curb excess demand, or reallocate 150+ units from adjacent regional warehouse prior to launch."
CUST_PL_1035,"Urban Fitness Enthusiasts","North Region",140,17,28,"Outdoor Gear",2380,"prod_running_shoes_apex","Apex Trail Running Shoes","Footwear",92%,45%,33.6%,15%,1.45,378,450,42,FALSE,150,127.5,38.8%,18711,FALSE,75,"TIGHT_STOCK","🟡 Tight Stock","🟢 Zero Operational Risk: Supply Chain & Margin Confirmed: Confirmed robust inventory position (450 units, 42 days of supply) to comfortably support the 378-unit demand surge. Post-discount margin of 38.8% comfortably exceeds our company 15% floor. Proceed with campaign launch and automated cross-channel promotion."
CUST_PL_1036,"Bargain Hunters","South Region",74,19,6,"Apparel",1406,"prod_hiking_boots","All-Terrain Waterproof Hiking Boots","Footwear",35%,92%,38.3%,30%,1.45,460,35,6,TRUE,185,129.5,31.4%,18722,FALSE,52,"STOCKOUT_RISK","🔴 Stockout Risk","🔴 Operational Risk: Inventory Stockout & Supply Chain Fulfillment Shortfall: Available store inventory (35 units) is lower than projected promotional demand (460 units). Running this promotion at 20% discount risks 100% stock depletion and fulfillment failure. Reorder lead time is 5 days. Operational Action Required: Reduce discount depth by 5-10% to curb excess demand, or reallocate 150+ units from adjacent regional warehouse prior to launch."
CUST_PL_1037,"High-Value VIP Loyalists","East Region",247,20,42,"Apparel",4940,"prod_casual_sneakers","Classic Organic Canvas Sneakers","Footwear",35%,25%,19.5%,15%,1.45,88,450,42,FALSE,85,72.25,35.3%,2244,FALSE,60,"HEALTHY","🟢 Healthy Stock","Recommended for High-Value VIP Loyalists in East Region: Driven by high category affinity (+25%) for Footwear, a regional demand index of 1.45x in East Region, and historical redemption conversion (+31%). Projected to generate +₹6,358 in incremental revenue while preserving ₹2,244 in margin dollars (35.3% post-discount margin)."
CUST_PL_1038,"Tech & Trendsetters","West Region",203,22,21,"Electronics",4466,"prod_winter_parka","UltraWarm Waterproof Winter Parka","Apparel",35%,38%,24.1%,20%,1.45,187,450,42,FALSE,280,224,43.8%,18326,FALSE,64,"HEALTHY","🟢 Healthy Stock","Recommended for Tech & Trendsetters in West Region: Driven by high category affinity (+25%) for Apparel, a regional demand index of 1.45x in West Region, and historical redemption conversion (+43%). Projected to generate +₹41,888 in incremental revenue while preserving ₹18,326 in margin dollars (43.8% post-discount margin)."
CUST_PL_1039,"Seasonal Home Organizers","Central Region",119,23,18,"Home Goods",2737,"prod_leather_jacket","Premium Italian Napa Leather Jacket","Apparel",35%,65%,31.2%,25%,1.45,374,35,6,TRUE,340,255,46.7%,44506,FALSE,51,"STOCKOUT_RISK","🔴 Stockout Risk","🔴 Operational Risk: Inventory Stockout & Supply Chain Fulfillment Shortfall: Available store inventory (35 units) is lower than projected promotional demand (374 units). Running this promotion at 20% discount risks 100% stock depletion and fulfillment failure. Reorder lead time is 5 days. Operational Action Required: Reduce discount depth by 5-10% to curb excess demand, or reallocate 150+ units from adjacent regional warehouse prior to launch."
CUST_PL_1040,"Urban Fitness Enthusiasts","North Region",145,25,28,"Footwear",3625,"prod_yoga_activewear_set","Luxe Breathable Yoga Activewear Set","Apparel",92%,45%,40.4%,30%,1.45,455,450,42,TRUE,95,66.5,40%,12103,FALSE,73,"STOCKOUT_RISK","🔴 Stockout Risk","🔴 Operational Risk: Inventory Stockout & Supply Chain Fulfillment Shortfall: Available store inventory (450 units) is lower than projected promotional demand (455 units). Running this promotion at 20% discount risks 100% stock depletion and fulfillment failure. Reorder lead time is 5 days. Operational Action Required: Reduce discount depth by 5-10% to curb excess demand, or reallocate 150+ units from adjacent regional warehouse prior to launch."
CUST_PL_1041,"Bargain Hunters","South Region",79,26,6,"Beauty & Care",2054,"prod_office_chair","Ergonomic Mesh Executive Chair","Home Goods",92%,92%,42.1%,15%,1.45,505,450,42,TRUE,210,178.5,31.8%,28633,FALSE,72,"STOCKOUT_RISK","🔴 Stockout Risk","🔴 Operational Risk: Inventory Stockout & Supply Chain Fulfillment Shortfall: Available store inventory (450 units) is lower than projected promotional demand (505 units). Running this promotion at 20% discount risks 100% stock depletion and fulfillment failure. Reorder lead time is 5 days. Operational Action Required: Reduce discount depth by 5-10% to curb excess demand, or reallocate 150+ units from adjacent regional warehouse prior to launch."
CUST_PL_1042,"High-Value VIP Loyalists","East Region",252,28,42,"Outdoor Gear",7056,"prod_espresso_maker","Compact Artisan Espresso Machine","Home Goods",35%,25%,24%,25%,1.45,108,35,6,TRUE,260,195,30.7%,6458,FALSE,44,"STOCKOUT_RISK","🔴 Stockout Risk","🔴 Operational Risk: Inventory Stockout & Supply Chain Fulfillment Shortfall: Available store inventory (35 units) is lower than projected promotional demand (108 units). Running this promotion at 20% discount risks 100% stock depletion and fulfillment failure. Reorder lead time is 5 days. Operational Action Required: Reduce discount depth by 5-10% to curb excess demand, or reallocate 150+ units from adjacent regional warehouse prior to launch."
CUST_PL_1043,"Tech & Trendsetters","West Region",208,29,21,"Home Goods",6032,"prod_dutch_oven","Enameled Cast Iron Dutch Oven Set","Home Goods",92%,38%,32.3%,15%,1.45,250,450,42,FALSE,140,119,41.2%,12250,FALSE,80,"HEALTHY","🟢 Healthy Stock","Recommended for Tech & Trendsetters in West Region: Driven by high category affinity (+95%) for Home Goods, a regional demand index of 1.45x in West Region, and historical redemption conversion (+37%). Projected to generate +₹29,750 in incremental revenue while preserving ₹12,250 in margin dollars (41.2% post-discount margin)."
CUST_PL_1044,"Seasonal Home Organizers","Central Region",124,31,18,"Outdoor Gear",3844,"prod_robot_vacuum","Smart Navigation Robot Vacuum Cleaner","Home Goods",92%,65%,43.9%,30%,1.45,527,450,42,TRUE,310,217,25.7%,29407,FALSE,72,"STOCKOUT_RISK","🔴 Stockout Risk","🔴 Operational Risk: Inventory Stockout & Supply Chain Fulfillment Shortfall: Available store inventory (450 units) is lower than projected promotional demand (527 units). Running this promotion at 20% discount risks 100% stock depletion and fulfillment failure. Reorder lead time is 5 days. Operational Action Required: Reduce discount depth by 5-10% to curb excess demand, or reallocate 150+ units from adjacent regional warehouse prior to launch."
CUST_PL_1045,"Urban Fitness Enthusiasts","North Region",135,32,28,"Apparel",4320,"prod_skincare_bundle","Hydrating Botanical Skincare Trio Bundle","Beauty & Care",35%,45%,27.6%,25%,1.45,311,35,6,TRUE,78,58.5,44%,8005,FALSE,49,"STOCKOUT_RISK","🔴 Stockout Risk","🔴 Operational Risk: Inventory Stockout & Supply Chain Fulfillment Shortfall: Available store inventory (35 units) is lower than projected promotional demand (311 units). Running this promotion at 20% discount risks 100% stock depletion and fulfillment failure. Reorder lead time is 5 days. Operational Action Required: Reduce discount depth by 5-10% to curb excess demand, or reallocate 150+ units from adjacent regional warehouse prior to launch."
CUST_PL_1046,"Bargain Hunters","South Region",69,34,6,"Home Goods",2346,"prod_hair_dryer_styler","Ionic Hair Dryer & Multi-Styler Wand","Beauty & Care",92%,92%,44.3%,20%,1.45,532,450,42,TRUE,160,128,37.5%,25536,FALSE,74,"STOCKOUT_RISK","🔴 Stockout Risk","🔴 Operational Risk: Inventory Stockout & Supply Chain Fulfillment Shortfall: Available store inventory (450 units) is lower than projected promotional demand (532 units). Running this promotion at 20% discount risks 100% stock depletion and fulfillment failure. Reorder lead time is 5 days. Operational Action Required: Reduce discount depth by 5-10% to curb excess demand, or reallocate 150+ units from adjacent regional warehouse prior to launch."
CUST_PL_1047,"High-Value VIP Loyalists","East Region",242,35,42,"Beauty & Care",8470,"prod_camping_tent","All-Weather 4-Person Camping Tent","Outdoor Gear",92%,25%,30%,15%,1.45,135,450,42,FALSE,320,272,41.2%,15120,FALSE,78,"HEALTHY","🟢 Healthy Stock","Recommended for High-Value VIP Loyalists in East Region: Driven by high category affinity (+95%) for Outdoor Gear, a regional demand index of 1.45x in East Region, and historical redemption conversion (+31%). Projected to generate +₹36,720 in incremental revenue while preserving ₹15,120 in margin dollars (41.2% post-discount margin)."
CUST_PL_1048,"Tech & Trendsetters","West Region",198,37,21,"Electronics",7326,"prod_hydration_flask","Insulated Stainless Steel Hydration Flask","Outdoor Gear",35%,38%,28.6%,30%,1.45,222,35,6,TRUE,42,29.4,45.7%,2984,FALSE,50,"STOCKOUT_RISK","🔴 Stockout Risk","🔴 Operational Risk: Inventory Stockout & Supply Chain Fulfillment Shortfall: Available store inventory (35 units) is lower than projected promotional demand (222 units). Running this promotion at 20% discount risks 100% stock depletion and fulfillment failure. Reorder lead time is 5 days. Operational Action Required: Reduce discount depth by 5-10% to curb excess demand, or reallocate 150+ units from adjacent regional warehouse prior to launch."
CUST_PL_1049,"Seasonal Home Organizers","Central Region",114,38,18,"Beauty & Care",4332,"prod_smartwatch_pro","Pro Performance Smartwatch","Electronics",35%,65%,26.7%,15%,1.45,320,450,42,FALSE,240,204,43.5%,28416,FALSE,60,"HEALTHY","🟢 Healthy Stock","Recommended for Seasonal Home Organizers in Central Region: Driven by high category affinity (+25%) for Electronics, a regional demand index of 1.45x in Central Region, and historical redemption conversion (+51%). Projected to generate +₹65,280 in incremental revenue while preserving ₹28,416 in margin dollars (43.5% post-discount margin)."
CUST_PL_1050,"Urban Fitness Enthusiasts","North Region",140,40,28,"Electronics",5600,"prod_earbuds_wireless","Noise-Cancelling Wireless Earbuds","Electronics",92%,45%,35.8%,20%,1.45,403,450,42,FALSE,180,144,-2.5%,-1451,TRUE,68,"MARGIN_RISK","🟡 Tight Stock","🟠 Operational Risk: Post-Discount Margin Floor Breach: Proposed discount depth reduces post-promo margin to -2.5%, dropping below our mandatory 15% company margin floor threshold. Risk of profit cannibalization. Operational Action Required: Cap maximum discount depth at 15% or require explicit sign-off from Category Lead Sravanthi."
CUST_PL_1051,"Bargain Hunters","South Region",74,41,6,"Apparel",3034,"prod_coffee_roast","Organic Dark Roast Gourmet Coffee","Home Goods",92%,92%,46.6%,25%,1.45,559,35,6,TRUE,150,112.5,11.1%,6960,TRUE,64,"MARGIN_RISK","🔴 Stockout Risk","🟠 Operational Risk: Post-Discount Margin Floor Breach: Proposed discount depth reduces post-promo margin to 11.1%, dropping below our mandatory 15% company margin floor threshold. Risk of profit cannibalization. Operational Action Required: Cap maximum discount depth at 15% or require explicit sign-off from Category Lead Sravanthi."
CUST_PL_1052,"High-Value VIP Loyalists","East Region",247,43,42,"Apparel",10621,"prod_running_shoes_apex","Apex Trail Running Shoes","Footwear",35%,25%,26.3%,30%,1.45,118,450,42,FALSE,150,105,25.7%,3186,FALSE,61,"HEALTHY","🟢 Healthy Stock","Recommended for High-Value VIP Loyalists in East Region: Driven by high category affinity (+25%) for Footwear, a regional demand index of 1.45x in East Region, and historical redemption conversion (+49%). Projected to generate +₹12,390 in incremental revenue while preserving ₹3,186 in margin dollars (25.7% post-discount margin)."
CUST_PL_1053,"Tech & Trendsetters","West Region",203,44,21,"Home Goods",8932,"prod_hiking_boots","All-Terrain Waterproof Hiking Boots","Footwear",35%,38%,21.8%,15%,1.45,169,450,42,FALSE,185,157.25,43.5%,11568,FALSE,62,"HEALTHY","🟢 Healthy Stock","Recommended for Tech & Trendsetters in West Region: Driven by high category affinity (+25%) for Footwear, a regional demand index of 1.45x in West Region, and historical redemption conversion (+37%). Projected to generate +₹26,575 in incremental revenue while preserving ₹11,568 in margin dollars (43.5% post-discount margin)."
CUST_PL_1054,"Seasonal Home Organizers","Central Region",119,6,18,"Home Goods",714,"prod_casual_sneakers","Classic Organic Canvas Sneakers","Footwear",35%,65%,31.2%,25%,1.45,374,35,6,TRUE,85,63.75,26.7%,6358,FALSE,47,"STOCKOUT_RISK","🔴 Stockout Risk","🔴 Operational Risk: Inventory Stockout & Supply Chain Fulfillment Shortfall: Available store inventory (35 units) is lower than projected promotional demand (374 units). Running this promotion at 20% discount risks 100% stock depletion and fulfillment failure. Reorder lead time is 5 days. Operational Action Required: Reduce discount depth by 5-10% to curb excess demand, or reallocate 150+ units from adjacent regional warehouse prior to launch."
CUST_PL_1055,"Urban Fitness Enthusiasts","North Region",145,7,28,"Outdoor Gear",1015,"prod_winter_parka","UltraWarm Waterproof Winter Parka","Apparel",92%,45%,33.6%,15%,1.45,378,450,42,FALSE,280,238,47.1%,42336,FALSE,76,"TIGHT_STOCK","🟡 Tight Stock","🟢 Zero Operational Risk: Supply Chain & Margin Confirmed: Confirmed robust inventory position (450 units, 42 days of supply) to comfortably support the 378-unit demand surge. Post-discount margin of 47.1% comfortably exceeds our company 15% floor. Proceed with campaign launch and automated cross-channel promotion."
CUST_PL_1056,"Bargain Hunters","South Region",79,9,6,"Beauty & Care",711,"prod_leather_jacket","Premium Italian Napa Leather Jacket","Apparel",92%,92%,48%,30%,1.45,576,450,42,TRUE,340,238,42.9%,58752,FALSE,78,"STOCKOUT_RISK","🔴 Stockout Risk","🔴 Operational Risk: Inventory Stockout & Supply Chain Fulfillment Shortfall: Available store inventory (450 units) is lower than projected promotional demand (576 units). Running this promotion at 20% discount risks 100% stock depletion and fulfillment failure. Reorder lead time is 5 days. Operational Action Required: Reduce discount depth by 5-10% to curb excess demand, or reallocate 150+ units from adjacent regional warehouse prior to launch."
CUST_PL_1057,"High-Value VIP Loyalists","East Region",252,10,42,"Outdoor Gear",2520,"prod_yoga_activewear_set","Luxe Breathable Yoga Activewear Set","Apparel",92%,25%,34.5%,25%,1.45,155,35,6,TRUE,95,71.25,44%,4859,FALSE,64,"STOCKOUT_RISK","🔴 Stockout Risk","🔴 Operational Risk: Inventory Stockout & Supply Chain Fulfillment Shortfall: Available store inventory (35 units) is lower than projected promotional demand (155 units). Running this promotion at 20% discount risks 100% stock depletion and fulfillment failure. Reorder lead time is 5 days. Operational Action Required: Reduce discount depth by 5-10% to curb excess demand, or reallocate 150+ units from adjacent regional warehouse prior to launch."
CUST_PL_1058,"Tech & Trendsetters","West Region",208,12,21,"Electronics",2496,"prod_office_chair","Ergonomic Mesh Executive Chair","Home Goods",92%,38%,34.6%,20%,1.45,268,450,42,FALSE,210,168,27.5%,12382,FALSE,78,"HEALTHY","🟢 Healthy Stock","Recommended for Tech & Trendsetters in West Region: Driven by high category affinity (+95%) for Home Goods, a regional demand index of 1.45x in West Region, and historical redemption conversion (+43%). Projected to generate +₹45,024 in incremental revenue while preserving ₹12,382 in margin dollars (27.5% post-discount margin)."
CUST_PL_1059,"Seasonal Home Organizers","Central Region",124,13,18,"Outdoor Gear",1612,"prod_espresso_maker","Compact Artisan Espresso Machine","Home Goods",92%,65%,37.2%,15%,1.45,446,450,42,FALSE,260,221,38.8%,38267,FALSE,77,"TIGHT_STOCK","🟡 Tight Stock","🟢 Zero Operational Risk: Supply Chain & Margin Confirmed: Confirmed robust inventory position (450 units, 42 days of supply) to comfortably support the 446-unit demand surge. Post-discount margin of 38.8% comfortably exceeds our company 15% floor. Proceed with campaign launch and automated cross-channel promotion."
CUST_PL_1060,"Urban Fitness Enthusiasts","North Region",135,15,28,"Footwear",2025,"prod_dutch_oven","Enameled Cast Iron Dutch Oven Set","Home Goods",35%,45%,29.8%,30%,1.45,335,35,6,TRUE,140,98,28.6%,9380,FALSE,47,"STOCKOUT_RISK","🔴 Stockout Risk","🔴 Operational Risk: Inventory Stockout & Supply Chain Fulfillment Shortfall: Available store inventory (35 units) is lower than projected promotional demand (335 units). Running this promotion at 20% discount risks 100% stock depletion and fulfillment failure. Reorder lead time is 5 days. Operational Action Required: Reduce discount depth by 5-10% to curb excess demand, or reallocate 150+ units from adjacent regional warehouse prior to launch."
CUST_PL_1061,"Bargain Hunters","South Region",69,16,6,"Home Goods",1104,"prod_robot_vacuum","Smart Navigation Robot Vacuum Cleaner","Home Goods",92%,92%,42.1%,15%,1.45,505,450,42,TRUE,310,263.5,38.8%,51661,FALSE,73,"STOCKOUT_RISK","🔴 Stockout Risk","🔴 Operational Risk: Inventory Stockout & Supply Chain Fulfillment Shortfall: Available store inventory (450 units) is lower than projected promotional demand (505 units). Running this promotion at 20% discount risks 100% stock depletion and fulfillment failure. Reorder lead time is 5 days. Operational Action Required: Reduce discount depth by 5-10% to curb excess demand, or reallocate 150+ units from adjacent regional warehouse prior to launch."
CUST_PL_1062,"High-Value VIP Loyalists","East Region",242,18,42,"Beauty & Care",4356,"prod_skincare_bundle","Hydrating Botanical Skincare Trio Bundle","Beauty & Care",92%,25%,32.2%,20%,1.45,145,450,42,FALSE,78,62.4,47.5%,4298,FALSE,81,"HEALTHY","🟢 Healthy Stock","Recommended for High-Value VIP Loyalists in East Region: Driven by high category affinity (+95%) for Beauty & Care, a regional demand index of 1.45x in East Region, and historical redemption conversion (+37%). Projected to generate +₹9,048 in incremental revenue while preserving ₹4,298 in margin dollars (47.5% post-discount margin)."
CUST_PL_1063,"Tech & Trendsetters","West Region",198,19,21,"Home Goods",3762,"prod_hair_dryer_styler","Ionic Hair Dryer & Multi-Styler Wand","Beauty & Care",35%,38%,26.3%,25%,1.45,204,35,6,TRUE,160,120,33.3%,8160,FALSE,46,"STOCKOUT_RISK","🔴 Stockout Risk","🔴 Operational Risk: Inventory Stockout & Supply Chain Fulfillment Shortfall: Available store inventory (35 units) is lower than projected promotional demand (204 units). Running this promotion at 20% discount risks 100% stock depletion and fulfillment failure. Reorder lead time is 5 days. Operational Action Required: Reduce discount depth by 5-10% to curb excess demand, or reallocate 150+ units from adjacent regional warehouse prior to launch."
CUST_PL_1064,"Seasonal Home Organizers","Central Region",114,21,18,"Beauty & Care",2394,"prod_camping_tent","All-Weather 4-Person Camping Tent","Outdoor Gear",92%,65%,43.9%,30%,1.45,527,450,42,TRUE,320,224,28.6%,33728,FALSE,72,"STOCKOUT_RISK","🔴 Stockout Risk","🔴 Operational Risk: Inventory Stockout & Supply Chain Fulfillment Shortfall: Available store inventory (450 units) is lower than projected promotional demand (527 units). Running this promotion at 20% discount risks 100% stock depletion and fulfillment failure. Reorder lead time is 5 days. Operational Action Required: Reduce discount depth by 5-10% to curb excess demand, or reallocate 150+ units from adjacent regional warehouse prior to launch."
CUST_PL_1065,"Urban Fitness Enthusiasts","North Region",140,22,28,"Apparel",3080,"prod_hydration_flask","Insulated Stainless Steel Hydration Flask","Outdoor Gear",92%,45%,33.6%,15%,1.45,378,450,42,FALSE,42,35.7,55.3%,7462,FALSE,77,"TIGHT_STOCK","🟡 Tight Stock","🟢 Zero Operational Risk: Supply Chain & Margin Confirmed: Confirmed robust inventory position (450 units, 42 days of supply) to comfortably support the 378-unit demand surge. Post-discount margin of 55.3% comfortably exceeds our company 15% floor. Proceed with campaign launch and automated cross-channel promotion."
CUST_PL_1066,"Bargain Hunters","South Region",74,24,6,"Apparel",1776,"prod_smartwatch_pro","Pro Performance Smartwatch","Electronics",35%,92%,36.1%,25%,1.45,433,35,6,TRUE,240,180,36%,28058,FALSE,52,"STOCKOUT_RISK","🔴 Stockout Risk","🔴 Operational Risk: Inventory Stockout & Supply Chain Fulfillment Shortfall: Available store inventory (35 units) is lower than projected promotional demand (433 units). Running this promotion at 20% discount risks 100% stock depletion and fulfillment failure. Reorder lead time is 5 days. Operational Action Required: Reduce discount depth by 5-10% to curb excess demand, or reallocate 150+ units from adjacent regional warehouse prior to launch."
CUST_PL_1067,"High-Value VIP Loyalists","East Region",247,25,42,"Apparel",6175,"prod_earbuds_wireless","Noise-Cancelling Wireless Earbuds","Electronics",35%,25%,19.5%,15%,1.45,88,450,42,FALSE,180,153,3.5%,475,TRUE,53,"MARGIN_RISK","🟠 Margin Risk","🟠 Operational Risk: Post-Discount Margin Floor Breach: Proposed discount depth reduces post-promo margin to 3.5%, dropping below our mandatory 15% company margin floor threshold. Risk of profit cannibalization. Operational Action Required: Cap maximum discount depth at 15% or require explicit sign-off from Category Lead Sravanthi."
CUST_PL_1068,"Tech & Trendsetters","West Region",203,27,21,"Electronics",5481,"prod_coffee_roast","Organic Dark Roast Gourmet Coffee","Home Goods",92%,38%,39.1%,30%,1.45,303,450,42,FALSE,150,105,4.7%,1500,TRUE,71,"MARGIN_RISK","🟠 Margin Risk","🟠 Operational Risk: Post-Discount Margin Floor Breach: Proposed discount depth reduces post-promo margin to 4.7%, dropping below our mandatory 15% company margin floor threshold. Risk of profit cannibalization. Operational Action Required: Cap maximum discount depth at 15% or require explicit sign-off from Category Lead Sravanthi."
CUST_PL_1069,"Seasonal Home Organizers","Central Region",119,28,18,"Home Goods",3332,"prod_running_shoes_apex","Apex Trail Running Shoes","Footwear",35%,65%,31.2%,25%,1.45,374,35,6,TRUE,150,112.5,30.7%,12903,FALSE,48,"STOCKOUT_RISK","🔴 Stockout Risk","🔴 Operational Risk: Inventory Stockout & Supply Chain Fulfillment Shortfall: Available store inventory (35 units) is lower than projected promotional demand (374 units). Running this promotion at 20% discount risks 100% stock depletion and fulfillment failure. Reorder lead time is 5 days. Operational Action Required: Reduce discount depth by 5-10% to curb excess demand, or reallocate 150+ units from adjacent regional warehouse prior to launch."
CUST_PL_1070,"Urban Fitness Enthusiasts","North Region",145,30,28,"Electronics",4350,"prod_hiking_boots","All-Terrain Waterproof Hiking Boots","Footwear",92%,45%,35.8%,20%,1.45,403,450,42,FALSE,185,148,40%,23858,FALSE,76,"TIGHT_STOCK","🟡 Tight Stock","🟢 Zero Operational Risk: Supply Chain & Margin Confirmed: Confirmed robust inventory position (450 units, 42 days of supply) to comfortably support the 403-unit demand surge. Post-discount margin of 40.0% comfortably exceeds our company 15% floor. Proceed with campaign launch and automated cross-channel promotion."
CUST_PL_1071,"Bargain Hunters","South Region",79,31,6,"Beauty & Care",2449,"prod_casual_sneakers","Classic Organic Canvas Sneakers","Footwear",35%,92%,31.6%,15%,1.45,379,450,42,FALSE,85,72.25,35.3%,9664,FALSE,61,"TIGHT_STOCK","🟡 Tight Stock","🟢 Zero Operational Risk: Supply Chain & Margin Confirmed: Confirmed robust inventory position (450 units, 42 days of supply) to comfortably support the 379-unit demand surge. Post-discount margin of 35.3% comfortably exceeds our company 15% floor. Proceed with campaign launch and automated cross-channel promotion."
CUST_PL_1072,"High-Value VIP Loyalists","East Region",252,33,42,"Outdoor Gear",8316,"prod_winter_parka","UltraWarm Waterproof Winter Parka","Apparel",92%,25%,36.7%,30%,1.45,165,35,6,TRUE,280,196,35.7%,11550,FALSE,64,"STOCKOUT_RISK","🔴 Stockout Risk","🔴 Operational Risk: Inventory Stockout & Supply Chain Fulfillment Shortfall: Available store inventory (35 units) is lower than projected promotional demand (165 units). Running this promotion at 20% discount risks 100% stock depletion and fulfillment failure. Reorder lead time is 5 days. Operational Action Required: Reduce discount depth by 5-10% to curb excess demand, or reallocate 150+ units from adjacent regional warehouse prior to launch."
CUST_PL_1073,"Tech & Trendsetters","West Region",208,34,21,"Home Goods",7072,"prod_leather_jacket","Premium Italian Napa Leather Jacket","Apparel",35%,38%,21.8%,15%,1.45,169,450,42,FALSE,340,289,52.9%,25857,FALSE,64,"HEALTHY","🟢 Healthy Stock","Recommended for Tech & Trendsetters in West Region: Driven by high category affinity (+25%) for Apparel, a regional demand index of 1.45x in West Region, and historical redemption conversion (+37%). Projected to generate +₹48,841 in incremental revenue while preserving ₹25,857 in margin dollars (52.9% post-discount margin)."
CUST_PL_1074,"Seasonal Home Organizers","Central Region",124,36,18,"Outdoor Gear",4464,"prod_yoga_activewear_set","Luxe Breathable Yoga Activewear Set","Apparel",35%,65%,29%,20%,1.45,348,450,42,FALSE,95,76,47.5%,12563,FALSE,62,"HEALTHY","🟢 Healthy Stock","Recommended for Seasonal Home Organizers in Central Region: Driven by high category affinity (+25%) for Apparel, a regional demand index of 1.45x in Central Region, and historical redemption conversion (+56%). Projected to generate +₹26,448 in incremental revenue while preserving ₹12,563 in margin dollars (47.5% post-discount margin)."
CUST_PL_1075,"Urban Fitness Enthusiasts","North Region",135,37,28,"Outdoor Gear",4995,"prod_office_chair","Ergonomic Mesh Executive Chair","Home Goods",35%,45%,27.6%,25%,1.45,311,35,6,TRUE,210,157.5,22.7%,11103,FALSE,44,"STOCKOUT_RISK","🔴 Stockout Risk","🔴 Operational Risk: Inventory Stockout & Supply Chain Fulfillment Shortfall: Available store inventory (35 units) is lower than projected promotional demand (311 units). Running this promotion at 20% discount risks 100% stock depletion and fulfillment failure. Reorder lead time is 5 days. Operational Action Required: Reduce discount depth by 5-10% to curb excess demand, or reallocate 150+ units from adjacent regional warehouse prior to launch."
CUST_PL_1076,"Bargain Hunters","South Region",69,39,6,"Home Goods",2691,"prod_espresso_maker","Compact Artisan Espresso Machine","Home Goods",92%,92%,48%,30%,1.45,576,450,42,TRUE,260,182,25.7%,26957,FALSE,74,"STOCKOUT_RISK","🔴 Stockout Risk","🔴 Operational Risk: Inventory Stockout & Supply Chain Fulfillment Shortfall: Available store inventory (450 units) is lower than projected promotional demand (576 units). Running this promotion at 20% discount risks 100% stock depletion and fulfillment failure. Reorder lead time is 5 days. Operational Action Required: Reduce discount depth by 5-10% to curb excess demand, or reallocate 150+ units from adjacent regional warehouse prior to launch."
CUST_PL_1077,"High-Value VIP Loyalists","East Region",242,40,42,"Beauty & Care",9680,"prod_dutch_oven","Enameled Cast Iron Dutch Oven Set","Home Goods",35%,25%,19.5%,15%,1.45,88,450,42,FALSE,140,119,41.2%,4312,FALSE,61,"HEALTHY","🟢 Healthy Stock","Recommended for High-Value VIP Loyalists in East Region: Driven by high category affinity (+25%) for Home Goods, a regional demand index of 1.45x in East Region, and historical redemption conversion (+31%). Projected to generate +₹10,472 in incremental revenue while preserving ₹4,312 in margin dollars (41.2% post-discount margin)."
CUST_PL_1078,"Tech & Trendsetters","West Region",198,42,21,"Electronics",8316,"prod_robot_vacuum","Smart Navigation Robot Vacuum Cleaner","Home Goods",92%,38%,36.8%,25%,1.45,285,35,6,TRUE,310,232.5,30.7%,20320,FALSE,63,"STOCKOUT_RISK","🔴 Stockout Risk","🔴 Operational Risk: Inventory Stockout & Supply Chain Fulfillment Shortfall: Available store inventory (35 units) is lower than projected promotional demand (285 units). Running this promotion at 20% discount risks 100% stock depletion and fulfillment failure. Reorder lead time is 5 days. Operational Action Required: Reduce discount depth by 5-10% to curb excess demand, or reallocate 150+ units from adjacent regional warehouse prior to launch."
CUST_PL_1079,"Seasonal Home Organizers","Central Region",114,43,18,"Beauty & Care",4902,"prod_skincare_bundle","Hydrating Botanical Skincare Trio Bundle","Beauty & Care",92%,65%,37.2%,15%,1.45,446,450,42,FALSE,78,66.3,50.6%,14959,FALSE,79,"TIGHT_STOCK","🟡 Tight Stock","🟢 Zero Operational Risk: Supply Chain & Margin Confirmed: Confirmed robust inventory position (450 units, 42 days of supply) to comfortably support the 446-unit demand surge. Post-discount margin of 50.6% comfortably exceeds our company 15% floor. Proceed with campaign launch and automated cross-channel promotion."
CUST_PL_1080,"Urban Fitness Enthusiasts","North Region",140,5,28,"Footwear",700,"prod_hair_dryer_styler","Ionic Hair Dryer & Multi-Styler Wand","Beauty & Care",35%,45%,29.8%,30%,1.45,335,450,42,FALSE,160,112,28.6%,10720,FALSE,59,"HEALTHY","🟢 Healthy Stock","Recommended for Urban Fitness Enthusiasts in North Region: Driven by high category affinity (+25%) for Beauty & Care, a regional demand index of 1.45x in North Region, and historical redemption conversion (+59%). Projected to generate +₹37,520 in incremental revenue while preserving ₹10,720 in margin dollars (28.6% post-discount margin)."
CUST_PL_1081,"Bargain Hunters","South Region",74,6,6,"Apparel",444,"prod_camping_tent","All-Weather 4-Person Camping Tent","Outdoor Gear",35%,92%,36.1%,25%,1.45,433,35,6,TRUE,320,240,33.3%,34640,FALSE,51,"STOCKOUT_RISK","🔴 Stockout Risk","🔴 Operational Risk: Inventory Stockout & Supply Chain Fulfillment Shortfall: Available store inventory (35 units) is lower than projected promotional demand (433 units). Running this promotion at 20% discount risks 100% stock depletion and fulfillment failure. Reorder lead time is 5 days. Operational Action Required: Reduce discount depth by 5-10% to curb excess demand, or reallocate 150+ units from adjacent regional warehouse prior to launch."
CUST_PL_1082,"High-Value VIP Loyalists","East Region",247,8,42,"Apparel",1976,"prod_hydration_flask","Insulated Stainless Steel Hydration Flask","Outdoor Gear",92%,25%,32.2%,20%,1.45,145,450,42,FALSE,42,33.6,52.5%,2558,FALSE,81,"HEALTHY","🟢 Healthy Stock","Recommended for High-Value VIP Loyalists in East Region: Driven by high category affinity (+95%) for Outdoor Gear, a regional demand index of 1.45x in East Region, and historical redemption conversion (+37%). Projected to generate +₹4,872 in incremental revenue while preserving ₹2,558 in margin dollars (52.5% post-discount margin)."
CUST_PL_1083,"Tech & Trendsetters","West Region",203,9,21,"Home Goods",1827,"prod_smartwatch_pro","Pro Performance Smartwatch","Electronics",92%,38%,32.3%,15%,1.45,250,450,42,FALSE,240,204,43.5%,22200,FALSE,80,"HEALTHY","🟢 Healthy Stock","Recommended for Tech & Trendsetters in West Region: Driven by high category affinity (+95%) for Electronics, a regional demand index of 1.45x in West Region, and historical redemption conversion (+37%). Projected to generate +₹51,000 in incremental revenue while preserving ₹22,200 in margin dollars (43.5% post-discount margin)."
CUST_PL_1084,"Seasonal Home Organizers","Central Region",119,11,18,"Home Goods",1309,"prod_earbuds_wireless","Noise-Cancelling Wireless Earbuds","Electronics",35%,65%,33.4%,30%,1.45,401,35,6,TRUE,180,126,-17.1%,-8662,TRUE,43,"MARGIN_RISK","🔴 Stockout Risk","🟠 Operational Risk: Post-Discount Margin Floor Breach: Proposed discount depth reduces post-promo margin to -17.1%, dropping below our mandatory 15% company margin floor threshold. Risk of profit cannibalization. Operational Action Required: Cap maximum discount depth at 15% or require explicit sign-off from Category Lead Sravanthi."
CUST_PL_1085,"Urban Fitness Enthusiasts","North Region",145,12,28,"Apparel",1740,"prod_coffee_roast","Organic Dark Roast Gourmet Coffee","Home Goods",35%,45%,23.1%,15%,1.45,260,450,42,FALSE,150,127.5,21.5%,7137,FALSE,59,"HEALTHY","🟢 Healthy Stock","Recommended for Urban Fitness Enthusiasts in North Region: Driven by high category affinity (+25%) for Home Goods, a regional demand index of 1.45x in North Region, and historical redemption conversion (+41%). Projected to generate +₹33,150 in incremental revenue while preserving ₹7,137 in margin dollars (21.5% post-discount margin)."
CUST_PL_1086,"Bargain Hunters","South Region",79,14,6,"Beauty & Care",1106,"prod_running_shoes_apex","Apex Trail Running Shoes","Footwear",35%,92%,33.8%,20%,1.45,406,450,42,FALSE,150,120,35%,17052,FALSE,62,"TIGHT_STOCK","🟡 Tight Stock","🟢 Zero Operational Risk: Supply Chain & Margin Confirmed: Confirmed robust inventory position (450 units, 42 days of supply) to comfortably support the 406-unit demand surge. Post-discount margin of 35.0% comfortably exceeds our company 15% floor. Proceed with campaign launch and automated cross-channel promotion."
CUST_PL_1087,"High-Value VIP Loyalists","East Region",252,15,42,"Outdoor Gear",3780,"prod_hiking_boots","All-Terrain Waterproof Hiking Boots","Footwear",35%,25%,24%,25%,1.45,108,35,6,TRUE,185,138.75,36%,5395,FALSE,45,"STOCKOUT_RISK","🔴 Stockout Risk","🔴 Operational Risk: Inventory Stockout & Supply Chain Fulfillment Shortfall: Available store inventory (35 units) is lower than projected promotional demand (108 units). Running this promotion at 20% discount risks 100% stock depletion and fulfillment failure. Reorder lead time is 5 days. Operational Action Required: Reduce discount depth by 5-10% to curb excess demand, or reallocate 150+ units from adjacent regional warehouse prior to launch."
CUST_PL_1088,"Tech & Trendsetters","West Region",208,17,21,"Electronics",3536,"prod_casual_sneakers","Classic Organic Canvas Sneakers","Footwear",35%,38%,28.6%,30%,1.45,222,450,42,FALSE,85,59.5,21.4%,2830,FALSE,62,"HEALTHY","🟢 Healthy Stock","Recommended for Tech & Trendsetters in West Region: Driven by high category affinity (+25%) for Footwear, a regional demand index of 1.45x in West Region, and historical redemption conversion (+55%). Projected to generate +₹13,209 in incremental revenue while preserving ₹2,830 in margin dollars (21.4% post-discount margin)."
CUST_PL_1089,"Seasonal Home Organizers","Central Region",124,18,18,"Outdoor Gear",2232,"prod_winter_parka","UltraWarm Waterproof Winter Parka","Apparel",35%,65%,26.7%,15%,1.45,320,450,42,FALSE,280,238,47.1%,35840,FALSE,61,"HEALTHY","🟢 Healthy Stock","Recommended for Seasonal Home Organizers in Central Region: Driven by high category affinity (+25%) for Apparel, a regional demand index of 1.45x in Central Region, and historical redemption conversion (+51%). Projected to generate +₹76,160 in incremental revenue while preserving ₹35,840 in margin dollars (47.1% post-discount margin)."
CUST_PL_1090,"Urban Fitness Enthusiasts","North Region",135,20,28,"Electronics",2700,"prod_leather_jacket","Premium Italian Napa Leather Jacket","Apparel",92%,45%,38.1%,25%,1.45,429,35,6,TRUE,340,255,46.7%,51051,FALSE,67,"STOCKOUT_RISK","🔴 Stockout Risk","🔴 Operational Risk: Inventory Stockout & Supply Chain Fulfillment Shortfall: Available store inventory (35 units) is lower than projected promotional demand (429 units). Running this promotion at 20% discount risks 100% stock depletion and fulfillment failure. Reorder lead time is 5 days. Operational Action Required: Reduce discount depth by 5-10% to curb excess demand, or reallocate 150+ units from adjacent regional warehouse prior to launch."
CUST_PL_1091,"Bargain Hunters","South Region",69,21,6,"Home Goods",1449,"prod_yoga_activewear_set","Luxe Breathable Yoga Activewear Set","Apparel",92%,92%,42.1%,15%,1.45,505,450,42,TRUE,95,80.75,50.6%,20629,FALSE,76,"STOCKOUT_RISK","🔴 Stockout Risk","🔴 Operational Risk: Inventory Stockout & Supply Chain Fulfillment Shortfall: Available store inventory (450 units) is lower than projected promotional demand (505 units). Running this promotion at 20% discount risks 100% stock depletion and fulfillment failure. Reorder lead time is 5 days. Operational Action Required: Reduce discount depth by 5-10% to curb excess demand, or reallocate 150+ units from adjacent regional warehouse prior to launch."
CUST_PL_1092,"High-Value VIP Loyalists","East Region",242,23,42,"Beauty & Care",5566,"prod_office_chair","Ergonomic Mesh Executive Chair","Home Goods",35%,25%,26.3%,30%,1.45,118,450,42,FALSE,210,147,17.1%,2974,FALSE,60,"HEALTHY","🟢 Healthy Stock","Recommended for High-Value VIP Loyalists in East Region: Driven by high category affinity (+25%) for Home Goods, a regional demand index of 1.45x in East Region, and historical redemption conversion (+49%). Projected to generate +₹17,346 in incremental revenue while preserving ₹2,974 in margin dollars (17.1% post-discount margin)."
CUST_PL_1093,"Tech & Trendsetters","West Region",198,24,21,"Home Goods",4752,"prod_espresso_maker","Compact Artisan Espresso Machine","Home Goods",92%,38%,36.8%,25%,1.45,285,35,6,TRUE,260,195,30.7%,17043,FALSE,63,"STOCKOUT_RISK","🔴 Stockout Risk","🔴 Operational Risk: Inventory Stockout & Supply Chain Fulfillment Shortfall: Available store inventory (35 units) is lower than projected promotional demand (285 units). Running this promotion at 20% discount risks 100% stock depletion and fulfillment failure. Reorder lead time is 5 days. Operational Action Required: Reduce discount depth by 5-10% to curb excess demand, or reallocate 150+ units from adjacent regional warehouse prior to launch."
CUST_PL_1094,"Seasonal Home Organizers","Central Region",114,26,18,"Beauty & Care",2964,"prod_dutch_oven","Enameled Cast Iron Dutch Oven Set","Home Goods",92%,65%,39.5%,20%,1.45,474,450,42,TRUE,140,112,37.5%,19908,FALSE,72,"STOCKOUT_RISK","🔴 Stockout Risk","🔴 Operational Risk: Inventory Stockout & Supply Chain Fulfillment Shortfall: Available store inventory (450 units) is lower than projected promotional demand (474 units). Running this promotion at 20% discount risks 100% stock depletion and fulfillment failure. Reorder lead time is 5 days. Operational Action Required: Reduce discount depth by 5-10% to curb excess demand, or reallocate 150+ units from adjacent regional warehouse prior to launch."
CUST_PL_1095,"Urban Fitness Enthusiasts","North Region",140,27,28,"Outdoor Gear",3780,"prod_robot_vacuum","Smart Navigation Robot Vacuum Cleaner","Home Goods",35%,45%,23.1%,15%,1.45,260,450,42,FALSE,310,263.5,38.8%,26598,FALSE,62,"HEALTHY","🟢 Healthy Stock","Recommended for Urban Fitness Enthusiasts in North Region: Driven by high category affinity (+25%) for Home Goods, a regional demand index of 1.45x in North Region, and historical redemption conversion (+41%). Projected to generate +₹68,510 in incremental revenue while preserving ₹26,598 in margin dollars (38.8% post-discount margin)."
CUST_PL_1096,"Bargain Hunters","South Region",74,29,6,"Apparel",2146,"prod_skincare_bundle","Hydrating Botanical Skincare Trio Bundle","Beauty & Care",92%,92%,48%,30%,1.45,576,35,6,TRUE,78,54.6,40%,12580,FALSE,71,"STOCKOUT_RISK","🔴 Stockout Risk","🔴 Operational Risk: Inventory Stockout & Supply Chain Fulfillment Shortfall: Available store inventory (35 units) is lower than projected promotional demand (576 units). Running this promotion at 20% discount risks 100% stock depletion and fulfillment failure. Reorder lead time is 5 days. Operational Action Required: Reduce discount depth by 5-10% to curb excess demand, or reallocate 150+ units from adjacent regional warehouse prior to launch."
CUST_PL_1097,"High-Value VIP Loyalists","East Region",247,30,42,"Apparel",7410,"prod_hair_dryer_styler","Ionic Hair Dryer & Multi-Styler Wand","Beauty & Care",92%,25%,30%,15%,1.45,135,450,42,FALSE,160,136,41.2%,7560,FALSE,78,"HEALTHY","🟢 Healthy Stock","Recommended for High-Value VIP Loyalists in East Region: Driven by high category affinity (+95%) for Beauty & Care, a regional demand index of 1.45x in East Region, and historical redemption conversion (+31%). Projected to generate +₹18,360 in incremental revenue while preserving ₹7,560 in margin dollars (41.2% post-discount margin)."
CUST_PL_1098,"Tech & Trendsetters","West Region",203,32,21,"Electronics",6496,"prod_camping_tent","All-Weather 4-Person Camping Tent","Outdoor Gear",35%,38%,24.1%,20%,1.45,187,450,42,FALSE,320,256,37.5%,17952,FALSE,62,"HEALTHY","🟢 Healthy Stock","Recommended for Tech & Trendsetters in West Region: Driven by high category affinity (+25%) for Outdoor Gear, a regional demand index of 1.45x in West Region, and historical redemption conversion (+43%). Projected to generate +₹47,872 in incremental revenue while preserving ₹17,952 in margin dollars (37.5% post-discount margin)."
CUST_PL_1099,"Seasonal Home Organizers","Central Region",119,33,18,"Home Goods",3927,"prod_hydration_flask","Insulated Stainless Steel Hydration Flask","Outdoor Gear",92%,65%,41.7%,25%,1.45,500,35,6,TRUE,42,31.5,49.3%,7770,FALSE,69,"STOCKOUT_RISK","🔴 Stockout Risk","🔴 Operational Risk: Inventory Stockout & Supply Chain Fulfillment Shortfall: Available store inventory (35 units) is lower than projected promotional demand (500 units). Running this promotion at 20% discount risks 100% stock depletion and fulfillment failure. Reorder lead time is 5 days. Operational Action Required: Reduce discount depth by 5-10% to curb excess demand, or reallocate 150+ units from adjacent regional warehouse prior to launch."
CUST_PL_1100,"Urban Fitness Enthusiasts","North Region",145,35,28,"Footwear",5075,"prod_smartwatch_pro","Pro Performance Smartwatch","Electronics",92%,45%,40.4%,30%,1.45,455,450,42,TRUE,240,168,31.4%,24024,FALSE,71,"STOCKOUT_RISK","🔴 Stockout Risk","🔴 Operational Risk: Inventory Stockout & Supply Chain Fulfillment Shortfall: Available store inventory (450 units) is lower than projected promotional demand (455 units). Running this promotion at 20% discount risks 100% stock depletion and fulfillment failure. Reorder lead time is 5 days. Operational Action Required: Reduce discount depth by 5-10% to curb excess demand, or reallocate 150+ units from adjacent regional warehouse prior to launch."
CUST_PL_1101,"Bargain Hunters","South Region",79,36,6,"Beauty & Care",2844,"prod_earbuds_wireless","Noise-Cancelling Wireless Earbuds","Electronics",35%,92%,31.6%,15%,1.45,379,450,42,FALSE,180,153,3.5%,2047,TRUE,55,"MARGIN_RISK","🟡 Tight Stock","🟠 Operational Risk: Post-Discount Margin Floor Breach: Proposed discount depth reduces post-promo margin to 3.5%, dropping below our mandatory 15% company margin floor threshold. Risk of profit cannibalization. Operational Action Required: Cap maximum discount depth at 15% or require explicit sign-off from Category Lead Sravanthi."
CUST_PL_1102,"High-Value VIP Loyalists","East Region",252,38,42,"Outdoor Gear",9576,"prod_coffee_roast","Organic Dark Roast Gourmet Coffee","Home Goods",35%,25%,24%,25%,1.45,108,35,6,TRUE,150,112.5,11.1%,1345,TRUE,40,"MARGIN_RISK","🔴 Stockout Risk","🟠 Operational Risk: Post-Discount Margin Floor Breach: Proposed discount depth reduces post-promo margin to 11.1%, dropping below our mandatory 15% company margin floor threshold. Risk of profit cannibalization. Operational Action Required: Cap maximum discount depth at 15% or require explicit sign-off from Category Lead Sravanthi."
CUST_PL_1103,"Tech & Trendsetters","West Region",208,39,21,"Home Goods",8112,"prod_running_shoes_apex","Apex Trail Running Shoes","Footwear",35%,38%,21.8%,15%,1.45,169,450,42,FALSE,150,127.5,38.8%,8366,FALSE,62,"HEALTHY","🟢 Healthy Stock","Recommended for Tech & Trendsetters in West Region: Driven by high category affinity (+25%) for Footwear, a regional demand index of 1.45x in West Region, and historical redemption conversion (+37%). Projected to generate +₹21,548 in incremental revenue while preserving ₹8,366 in margin dollars (38.8% post-discount margin)."
CUST_PL_1104,"Seasonal Home Organizers","Central Region",124,41,18,"Outdoor Gear",5084,"prod_hiking_boots","All-Terrain Waterproof Hiking Boots","Footwear",35%,65%,33.4%,30%,1.45,401,450,42,FALSE,185,129.5,31.4%,16321,FALSE,61,"TIGHT_STOCK","🟡 Tight Stock","🟢 Zero Operational Risk: Supply Chain & Margin Confirmed: Confirmed robust inventory position (450 units, 42 days of supply) to comfortably support the 401-unit demand surge. Post-discount margin of 31.4% comfortably exceeds our company 15% floor. Proceed with campaign launch and automated cross-channel promotion."
CUST_PL_1105,"Urban Fitness Enthusiasts","North Region",135,42,28,"Apparel",5670,"prod_casual_sneakers","Classic Organic Canvas Sneakers","Footwear",92%,45%,38.1%,25%,1.45,429,35,6,TRUE,85,63.75,26.7%,7293,FALSE,63,"STOCKOUT_RISK","🔴 Stockout Risk","🔴 Operational Risk: Inventory Stockout & Supply Chain Fulfillment Shortfall: Available store inventory (35 units) is lower than projected promotional demand (429 units). Running this promotion at 20% discount risks 100% stock depletion and fulfillment failure. Reorder lead time is 5 days. Operational Action Required: Reduce discount depth by 5-10% to curb excess demand, or reallocate 150+ units from adjacent regional warehouse prior to launch."
CUST_PL_1106,"Bargain Hunters","South Region",69,44,6,"Home Goods",3036,"prod_winter_parka","UltraWarm Waterproof Winter Parka","Apparel",92%,92%,44.3%,20%,1.45,532,450,42,TRUE,280,224,43.8%,52136,FALSE,76,"STOCKOUT_RISK","🔴 Stockout Risk","🔴 Operational Risk: Inventory Stockout & Supply Chain Fulfillment Shortfall: Available store inventory (450 units) is lower than projected promotional demand (532 units). Running this promotion at 20% discount risks 100% stock depletion and fulfillment failure. Reorder lead time is 5 days. Operational Action Required: Reduce discount depth by 5-10% to curb excess demand, or reallocate 150+ units from adjacent regional warehouse prior to launch."
CUST_PL_1107,"High-Value VIP Loyalists","East Region",242,5,42,"Beauty & Care",1210,"prod_leather_jacket","Premium Italian Napa Leather Jacket","Apparel",92%,25%,30%,15%,1.45,135,450,42,FALSE,340,289,52.9%,20655,FALSE,80,"HEALTHY","🟢 Healthy Stock","Recommended for High-Value VIP Loyalists in East Region: Driven by high category affinity (+95%) for Apparel, a regional demand index of 1.45x in East Region, and historical redemption conversion (+31%). Projected to generate +₹39,015 in incremental revenue while preserving ₹20,655 in margin dollars (52.9% post-discount margin)."
CUST_PL_1108,"Tech & Trendsetters","West Region",198,7,21,"Electronics",1386,"prod_yoga_activewear_set","Luxe Breathable Yoga Activewear Set","Apparel",35%,38%,28.6%,30%,1.45,222,35,6,TRUE,95,66.5,40%,5905,FALSE,48,"STOCKOUT_RISK","🔴 Stockout Risk","🔴 Operational Risk: Inventory Stockout & Supply Chain Fulfillment Shortfall: Available store inventory (35 units) is lower than projected promotional demand (222 units). Running this promotion at 20% discount risks 100% stock depletion and fulfillment failure. Reorder lead time is 5 days. Operational Action Required: Reduce discount depth by 5-10% to curb excess demand, or reallocate 150+ units from adjacent regional warehouse prior to launch."
CUST_PL_1109,"Seasonal Home Organizers","Central Region",114,8,18,"Beauty & Care",912,"prod_office_chair","Ergonomic Mesh Executive Chair","Home Goods",92%,65%,37.2%,15%,1.45,446,450,42,FALSE,210,178.5,31.8%,25288,FALSE,75,"TIGHT_STOCK","🟡 Tight Stock","🟢 Zero Operational Risk: Supply Chain & Margin Confirmed: Confirmed robust inventory position (450 units, 42 days of supply) to comfortably support the 446-unit demand surge. Post-discount margin of 31.8% comfortably exceeds our company 15% floor. Proceed with campaign launch and automated cross-channel promotion."
CUST_PL_1110,"Urban Fitness Enthusiasts","North Region",140,10,28,"Electronics",1400,"prod_espresso_maker","Compact Artisan Espresso Machine","Home Goods",35%,45%,25.4%,20%,1.45,286,450,42,FALSE,260,208,35%,20821,FALSE,63,"HEALTHY","🟢 Healthy Stock","Recommended for Urban Fitness Enthusiasts in North Region: Driven by high category affinity (+25%) for Home Goods, a regional demand index of 1.45x in North Region, and historical redemption conversion (+47%). Projected to generate +₹59,488 in incremental revenue while preserving ₹20,821 in margin dollars (35.0% post-discount margin)."
CUST_PL_1111,"Bargain Hunters","South Region",74,11,6,"Apparel",814,"prod_dutch_oven","Enameled Cast Iron Dutch Oven Set","Home Goods",92%,92%,46.6%,25%,1.45,559,35,6,TRUE,140,105,33.3%,19565,FALSE,69,"STOCKOUT_RISK","🔴 Stockout Risk","🔴 Operational Risk: Inventory Stockout & Supply Chain Fulfillment Shortfall: Available store inventory (35 units) is lower than projected promotional demand (559 units). Running this promotion at 20% discount risks 100% stock depletion and fulfillment failure. Reorder lead time is 5 days. Operational Action Required: Reduce discount depth by 5-10% to curb excess demand, or reallocate 150+ units from adjacent regional warehouse prior to launch."
CUST_PL_1112,"High-Value VIP Loyalists","East Region",247,13,42,"Apparel",3211,"prod_robot_vacuum","Smart Navigation Robot Vacuum Cleaner","Home Goods",35%,25%,26.3%,30%,1.45,118,450,42,FALSE,310,217,25.7%,6584,FALSE,61,"HEALTHY","🟢 Healthy Stock","Recommended for High-Value VIP Loyalists in East Region: Driven by high category affinity (+25%) for Home Goods, a regional demand index of 1.45x in East Region, and historical redemption conversion (+49%). Projected to generate +₹25,606 in incremental revenue while preserving ₹6,584 in margin dollars (25.7% post-discount margin)."
CUST_PL_1113,"Tech & Trendsetters","West Region",203,14,21,"Home Goods",2842,"prod_skincare_bundle","Hydrating Botanical Skincare Trio Bundle","Beauty & Care",35%,38%,21.8%,15%,1.45,169,450,42,FALSE,78,66.3,50.6%,5668,FALSE,64,"HEALTHY","🟢 Healthy Stock","Recommended for Tech & Trendsetters in West Region: Driven by high category affinity (+25%) for Beauty & Care, a regional demand index of 1.45x in West Region, and historical redemption conversion (+37%). Projected to generate +₹11,205 in incremental revenue while preserving ₹5,668 in margin dollars (50.6% post-discount margin)."
CUST_PL_1114,"Seasonal Home Organizers","Central Region",119,16,18,"Home Goods",1904,"prod_hair_dryer_styler","Ionic Hair Dryer & Multi-Styler Wand","Beauty & Care",92%,65%,41.7%,25%,1.45,500,35,6,TRUE,160,120,33.3%,20000,FALSE,66,"STOCKOUT_RISK","🔴 Stockout Risk","🔴 Operational Risk: Inventory Stockout & Supply Chain Fulfillment Shortfall: Available store inventory (35 units) is lower than projected promotional demand (500 units). Running this promotion at 20% discount risks 100% stock depletion and fulfillment failure. Reorder lead time is 5 days. Operational Action Required: Reduce discount depth by 5-10% to curb excess demand, or reallocate 150+ units from adjacent regional warehouse prior to launch."
CUST_PL_1115,"Urban Fitness Enthusiasts","North Region",145,17,28,"Outdoor Gear",2465,"prod_camping_tent","All-Weather 4-Person Camping Tent","Outdoor Gear",92%,45%,33.6%,15%,1.45,378,450,42,FALSE,320,272,41.2%,42336,FALSE,75,"TIGHT_STOCK","🟡 Tight Stock","🟢 Zero Operational Risk: Supply Chain & Margin Confirmed: Confirmed robust inventory position (450 units, 42 days of supply) to comfortably support the 378-unit demand surge. Post-discount margin of 41.2% comfortably exceeds our company 15% floor. Proceed with campaign launch and automated cross-channel promotion."
CUST_PL_1116,"Bargain Hunters","South Region",79,19,6,"Beauty & Care",1501,"prod_hydration_flask","Insulated Stainless Steel Hydration Flask","Outdoor Gear",35%,92%,38.3%,30%,1.45,460,450,42,TRUE,42,29.4,45.7%,6182,FALSE,61,"STOCKOUT_RISK","🔴 Stockout Risk","🔴 Operational Risk: Inventory Stockout & Supply Chain Fulfillment Shortfall: Available store inventory (450 units) is lower than projected promotional demand (460 units). Running this promotion at 20% discount risks 100% stock depletion and fulfillment failure. Reorder lead time is 5 days. Operational Action Required: Reduce discount depth by 5-10% to curb excess demand, or reallocate 150+ units from adjacent regional warehouse prior to launch."
CUST_PL_1117,"High-Value VIP Loyalists","East Region",252,20,42,"Outdoor Gear",5040,"prod_smartwatch_pro","Pro Performance Smartwatch","Electronics",35%,25%,24%,25%,1.45,108,35,6,TRUE,240,180,36%,6998,FALSE,45,"STOCKOUT_RISK","🔴 Stockout Risk","🔴 Operational Risk: Inventory Stockout & Supply Chain Fulfillment Shortfall: Available store inventory (35 units) is lower than projected promotional demand (108 units). Running this promotion at 20% discount risks 100% stock depletion and fulfillment failure. Reorder lead time is 5 days. Operational Action Required: Reduce discount depth by 5-10% to curb excess demand, or reallocate 150+ units from adjacent regional warehouse prior to launch."
CUST_PL_1118,"Tech & Trendsetters","West Region",208,22,21,"Electronics",4576,"prod_earbuds_wireless","Noise-Cancelling Wireless Earbuds","Electronics",92%,38%,34.6%,20%,1.45,268,450,42,FALSE,180,144,-2.5%,-965,TRUE,72,"MARGIN_RISK","🟠 Margin Risk","🟠 Operational Risk: Post-Discount Margin Floor Breach: Proposed discount depth reduces post-promo margin to -2.5%, dropping below our mandatory 15% company margin floor threshold. Risk of profit cannibalization. Operational Action Required: Cap maximum discount depth at 15% or require explicit sign-off from Category Lead Sravanthi."
CUST_PL_1119,"Seasonal Home Organizers","Central Region",124,23,18,"Outdoor Gear",2852,"prod_coffee_roast","Organic Dark Roast Gourmet Coffee","Home Goods",92%,65%,37.2%,15%,1.45,446,450,42,FALSE,150,127.5,21.5%,12243,FALSE,73,"TIGHT_STOCK","🟡 Tight Stock","🟢 Zero Operational Risk: Supply Chain & Margin Confirmed: Confirmed robust inventory position (450 units, 42 days of supply) to comfortably support the 446-unit demand surge. Post-discount margin of 21.5% comfortably exceeds our company 15% floor. Proceed with campaign launch and automated cross-channel promotion."
CUST_PL_1120,"Urban Fitness Enthusiasts","North Region",135,25,28,"Footwear",3375,"prod_running_shoes_apex","Apex Trail Running Shoes","Footwear",92%,45%,40.4%,30%,1.45,455,35,6,TRUE,150,105,25.7%,12285,FALSE,64,"STOCKOUT_RISK","🔴 Stockout Risk","🔴 Operational Risk: Inventory Stockout & Supply Chain Fulfillment Shortfall: Available store inventory (35 units) is lower than projected promotional demand (455 units). Running this promotion at 20% discount risks 100% stock depletion and fulfillment failure. Reorder lead time is 5 days. Operational Action Required: Reduce discount depth by 5-10% to curb excess demand, or reallocate 150+ units from adjacent regional warehouse prior to launch."
